{
    "pose": [
        -15.31662953682459,
        -0.0044824126379654355,
        -0.6886774466196586,
        -0.2892513235763668,
        -0.04350362494618472,
        0.12736912671089493,
        -0.3243563290632843,
        -0.04650870482513125,
        -0.16910306310779546,
        0.47466599382584274,
        0.012070833053784254,
        0.003618884034900173,
        0.6288074230853714,
        -0.16255372161574144,
        -0.1125430716743078,
        0.7425367205786008,
        0.017905391849155634,
        0.10287319898141731,
        0.1711671227599504,
        0.019411711819041222,
        -0.008910361646901984,
        0.0837411892045861,
        0.07983657385911569,
        -0.040046388806725175,
        -0.03369622887329707,
        -0.24580984272760764,
        0.11680492192196254,
        0.19626332500354368,
        -0.030196132832839645,
        -0.04180565985304193,
        -0.39388805646150093,
        0.3468552524676249,
        0.13776277581597904,
        -0.09841643362774122,
        0.18584100148624497,
        -0.15691018415915023,
        0.7017807415697694,
        0.16683003058992799,
        0.06745196536054834,
        0.024721277922394497,
        0.006085550624139581,
        -0.32268362293569325,
        -0.019368344881216845,
        0.05813895881136215,
        0.30316867793507835,
        0.8573078230203849,
        0.06322134198949556,
        -0.1173354437799105,
        -0.032591564619122534,
        -0.46732132595668313,
        -0.7547485510755426,
        0.08288548070742283,
        0.3721676894259563,
        0.7054825101258141,
        0.1398796160051438,
        -1.2791106200434303,
        0.4164720403985462,
        -0.15060965768940388,
        1.2355920076893026,
        -0.45556665650479844,
        -0.08458253026363127,
        -0.016070879370463496,
        0.1937387452335808,
        0.03703838894345443,
        0.05011086136104332,
        -0.2051592492355276,
        -0.12128903899884179,
        -0.05603618717873561,
        -0.16584903161070233,
        -0.11442619270191218,
        0.12593912921141473,
        0.23480081491572838
    ],
    "betas": [
        -3.2800535823981365,
        1.0531315361562255,
        -0.26746044908991834,
        -0.29324581202756284,
        -0.4517252243616386,
        0.47234573219984904,
        0.18993340679024082,
        -0.04405627496828736,
        0.08813203625693888,
        0.39817672079987865
    ]
}